ID,item_cnt_month
0,0.09355598
1,0.42200452
2,3.2317185
3,0.024436034
4,0.029691584
5,0.031224523
6,0.029238015
7,0.030548617
8,0.610376
9,3.3463666
10,0.02729958
11,0.03201653
12,0.028316133
13,0.3471512
14,0.018890448
15,0.080005094
16,0.03475634
17,0.029739156
18,0.030247618
19,0.029238015
20,0.087711066
21,0.029238015
22,0.030958869
23,0.02622959
24,0.028413538
25,0.029794194
26,0.024867542
27,0.029116891
28,0.42186064
29,0.24247804
30,0.027278163
31,0.029237993
32,0.028172698
33,0.026884153
34,0.026135243
35,0.033462744
36,0.030651622
37,0.024377309
38,0.09046088
39,0.2340504
40,0.044755578
41,0.6587465
42,0.047577705
43,0.24435413
44,0.058359765
45,0.057172287
46,3.3216546
47,0.46151897
48,0.032772332
49,0.027121052
50,0.025068011
51,1.4647607
52,0.025152482
53,0.033462744
54,0.021191202
55,0.033517465
56,0.029338002
57,1.0598807
58,0.032772332
59,0.23316085
60,0.03751787
61,0.031381257
62,0.027853668
63,0.037823893
64,0.025908433
65,0.030548617
66,0.028023764
67,0.055161722
68,0.063431166
69,0.09983052
70,0.3597736
71,0.048593283
72,0.030071855
73,0.029386137
74,0.021960981
75,0.032772332
76,0.027459618
77,0.026793286
78,0.03467732
79,0.031324968
80,0.04788645
81,0.020101108
82,0.0036076605
83,0.024230156
84,0.02703407
85,4.508059
86,0.027551364
87,0.35361606
88,0.32522523
89,1.0223628
90,0.62643635
91,0.06304969
92,0.029433612
93,0.027519908
94,0.021739602
95,0.037767794
96,0.12646484
97,0.09355598
98,0.028444096
99,0.028661191
100,0.030004017
101,0.17736626
102,0.033517465
103,0.85870016
104,0.20726043
105,0.048006874
106,0.032387555
107,0.3012591
108,0.028993148
109,0.029288054
110,0.08300555
111,0.028581504
112,0.02754774
113,0.030872531
114,0.02736026
115,0.027486913
116,0.02703407
117,0.033462744
118,0.032772332
119,0.017000146
120,0.026028834
121,0.02603611
122,0.029582296
123,0.024903852
124,0.029586133
125,0.028060671
126,0.027135376
127,0.029951967
128,0.027374387
129,0.029322099
130,0.02757404
131,0.020827234
132,0.0273856
133,0.026482709
134,0.024532698
135,0.02693281
136,0.028458506
137,0.027302124
138,1.6866448
139,0.027443409
140,0.024330344
141,0.026950233
142,0.031578984
143,0.14337468
144,0.8089385
145,0.4197077
146,0.029257886
147,0.23687267
148,0.5085142
149,2.0761862
150,0.033462744
151,0.20979618
152,0.5632048
153,0.027283207
154,0.032210857
155,0.052595254
156,0.03892351
157,0.057237573
158,0.31768304
159,0.04770209
160,0.026652977
161,0.07733097
162,0.02397599
163,0.06633062
164,0.02568445
165,0.0288818
166,0.02839246
167,0.026652977
168,0.028265703
169,0.0603377
170,0.034806747
171,0.028033838
172,0.51294696
173,0.032235205
174,0.029210426
175,2.0082827
176,0.1578672
177,0.1578672
178,0.026590038
179,0.089295715
180,0.031349335
181,0.031800397
182,0.030912608
183,0.026108675
184,0.36325884
185,0.02703407
186,0.030013256
187,0.032772332
188,0.009755492
189,0.734136
190,0.17798536
191,0.4498596
192,0.02411478
193,3.7441986
194,0.2601437
195,0.49121183
196,0.0036076605
197,-0.0009466186
198,0.030089501
199,0.022932418
200,0.024666429
201,0.026599169
202,0.028196596
203,5.616916
204,0.031349335
205,0.033462744
206,0.03201653
207,5.616916
208,0.028409027
209,0.05719593
210,0.017000146
211,0.030352645
212,0.061287623
213,0.024788328
214,0.03201653
215,0.045733202
216,0.030736044
217,0.03778692
218,0.07741836
219,0.030004017
220,0.20162663
221,0.8673142
222,0.054993495
223,0.01343441
224,0.02313643
225,0.028325416
226,0.056740258
227,0.008814588
228,0.026748326
229,0.023370586
230,-0.012403928
231,0.02520527
232,0.036547534
233,0.024230156
234,2.8353045
235,0.027098827
236,0.060259525
237,0.034372993
238,0.033462744
239,0.03059046
240,0.04896125
241,0.02531705
242,0.026281796
243,0.020995997
244,0.025629945
245,0.029233873
246,0.033517465
247,0.025091387
248,5.616916
249,0.026200533
250,0.074535236
251,0.026953898
252,6.829574
253,0.05491687
254,0.21281117
255,5.616916
256,0.030746061
257,0.03155847
258,0.1417774
259,0.017000146
260,0.058937393
261,0.5447014
262,0.023605317
263,3.1905658
264,0.43210423
265,0.09178619
266,0.02858714
267,0.026821323
268,0.02520527
269,0.12719026
270,0.02468853
271,0.6000175
272,0.86600035
273,0.026434336
274,0.033462744
275,0.024230156
276,0.031355035
277,0.03323225
278,0.028587796
279,0.03323225
280,0.03201653
281,0.028802767
282,0.022863708
283,0.012798287
284,0.0045622215
285,0.027876582
286,0.01923982
287,0.029389668
288,0.03567173
289,2.336332
290,0.027963571
291,0.026122823
292,0.028519735
293,0.02883052
294,0.025281634
295,0.21605888
296,0.5446662
297,0.027056009
298,0.027065314
299,0.026941773
300,0.02703407
301,0.66244435
302,0.2903722
303,0.031349335
304,0.028424844
305,0.026408061
306,0.024431475
307,0.029238015
308,0.028380591
309,0.027801111
310,0.44870076
311,0.027679753
312,0.067023724
313,0.031324968
314,0.024028331
315,0.069559306
316,0.026630793
317,0.02725184
318,0.026448589
319,0.028667394
320,0.029238015
321,0.027934644
322,0.028667383
323,0.027278189
324,1.3506383
325,0.046820045
326,1.091682
327,0.2699507
328,2.5821345
329,0.03323225
330,0.029238015
331,0.10387168
332,0.2216393
333,0.031578984
334,0.775681
335,0.027448408
336,0.2245636
337,0.02601577
338,0.027309325
339,0.014437526
340,0.81463826
341,0.09994759
342,1.9815458
343,0.026905209
344,0.03114625
345,0.028849714
346,0.30393818
347,7.6804595
348,1.0549811
349,0.030548617
350,0.025122985
351,4.5316343
352,0.033462744
353,0.32552862
354,0.7187898
355,0.02587102
356,0.036313303
357,0.027514555
358,0.030004017
359,0.06692089
360,0.0310302
361,0.024466053
362,0.020853296
363,0.0264664
364,0.02683128
365,0.029127695
366,0.029009428
367,0.062192686
368,0.025145724
369,1.4912003
370,0.5544743
371,0.5255082
372,0.2543628
373,5.3967834
374,0.058759812
375,0.030912608
376,2.99004
377,0.029560693
378,0.02432675
379,0.024303224
380,0.02764861
381,0.027141862
382,0.024725545
383,0.02590045
384,0.046926245
385,0.68712497
386,0.9738602
387,0.13933843
388,0.016233929
389,0.09791553
390,0.028970733
391,0.020718604
392,4.0360055
393,0.029755615
394,0.10316118
395,0.055660266
396,0.02369044
397,0.035147384
398,3.4737449
399,0.16486812
400,0.03201653
401,0.03172169
402,0.08105623
403,0.030912608
404,0.029165465
405,0.029806197
406,0.031324968
407,0.026518818
408,0.029918421
409,0.03298086
410,0.02703407
411,0.0045622215
412,0.16146278
413,0.08863544
414,0.027265958
415,0.051245935
416,0.14696124
417,0.0940378
418,0.15681939
419,0.04580095
420,0.57114136
421,0.30675668
422,0.07568906
423,0.28077254
424,0.89511454
425,0.049864456
426,0.033462744
427,0.1857101
428,0.17601952
429,0.03136254
430,0.16301998
431,1.0898439
432,0.025738612
433,0.032772332
434,0.028337635
435,0.025798917
436,0.027713552
437,0.02556073
438,0.017000146
439,0.22743234
440,0.027886033
441,0.023238845
442,0.055293426
443,0.061128996
444,0.024516419
445,0.03130469
446,0.02612283
447,0.03346277
448,0.030872531
449,5.616916
450,0.025060888
451,0.030706052
452,0.028877262
453,0.02873788
454,0.029477242
455,0.024618465
456,0.033462744
457,0.02890598
458,0.033462744
459,0.05587188
460,0.04596468
461,0.032772332
462,0.03118737
463,1.3011072
464,0.033517465
465,0.71444553
466,0.3344239
467,0.31453657
468,0.012868315
469,0.022272699
470,0.17082086
471,0.033462744
472,0.033462744
473,0.0459542
474,0.1552656
475,0.028562356
476,0.029720742
477,0.02696481
478,0.03346277
479,0.04340876
480,0.028230496
481,0.0149712935
482,0.0492042
483,0.03232066
484,0.027358435
485,0.025381032
486,0.031270325
487,0.027804796
488,0.08457525
489,0.019316971
490,0.44394052
491,0.025852326
492,0.02344504
493,0.030872531
494,0.030548617
495,0.05917093
496,1.1541393
497,2.5397482
498,0.021937378
499,0.014790922
500,0.029794194
501,0.027321387
502,2.8353045
503,0.25517544
504,0.10620197
505,0.25306767
506,0.03713249
507,0.07573004
508,0.033517465
509,5.616916
510,0.029237993
511,1.5065713
512,0.92456937
513,0.5473886
514,0.26126578
515,0.39244646
516,0.9082767
517,0.70719165
518,0.032109052
519,0.023738481
520,0.03201653
521,0.031324968
522,0.0766515
523,0.03318234
524,0.030746061
525,0.12030904
526,0.04024297
527,0.29880902
528,0.0310302
529,0.031822152
530,0.025804274
531,0.15707147
532,0.47651964
533,0.04150039
534,1.5404091
535,0.0273925
536,0.027459852
537,0.024334073
538,0.03853851
539,0.023153462
540,0.04027524
541,0.053691793
542,0.24489582
543,0.3847812
544,0.4519268
545,0.7493376
546,0.25217482
547,0.38540253
548,1.225992
549,0.03323225
550,4.2673674
551,0.025429182
552,0.028862968
553,0.08352013
554,0.03323225
555,0.048028477
556,0.0310302
557,0.07463847
558,0.023623832
559,0.033517465
560,0.032772332
561,0.018371105
562,0.46405914
563,5.616916
564,0.027676716
565,0.028289758
566,0.027922295
567,0.019650318
568,0.022897623
569,0.022897623
570,0.023534931
571,0.12719026
572,0.12467777
573,0.18241097
574,0.026972074
575,0.029211454
576,0.036426827
577,0.01980824
578,0.031381257
579,0.029238015
580,0.027365379
581,0.02703407
582,0.030053861
583,0.027585756
584,0.025556777
585,0.026444755
586,0.028193023
587,0.028780695
588,0.029238015
589,0.026720937
590,0.028864536
591,0.025985613
592,0.051721618
593,0.0237576
594,0.028897222
595,0.030071855
596,0.030013256
597,0.02426121
598,0.02703407
599,0.02703407
600,0.10996644
601,0.02677751
602,0.030958869
603,0.02810919
604,0.028339468
605,0.029842593
606,0.02790014
607,0.028599113
608,0.028014783
609,0.058831304
610,0.028409027
611,0.030004017
612,0.025839247
613,0.027203307
614,0.028404918
615,0.027268529
616,0.052046683
617,0.040827252
618,0.025056496
619,0.028496403
620,0.029842593
621,0.029389169
622,0.033462744
623,0.027463183
624,0.029499292
625,0.030567337
626,0.03108275
627,0.03201653
628,0.029238015
629,0.026394986
630,0.029238015
631,0.027864397
632,0.02520527
633,0.024532698
634,0.029204935
635,0.030339718
636,0.025509588
637,0.024230156
638,0.027411126
639,0.028009973
640,0.026107319
641,0.027386218
642,0.04140594
643,0.028877262
644,0.026843645
645,0.029238015
646,0.026435848
647,0.026985522
648,0.02814252
649,0.027564429
650,0.029238015
651,0.033517465
652,0.024230156
653,0.029915996
654,0.043853574
655,0.04952524
656,0.028766304
657,0.027514555
658,0.024230156
659,0.020853296
660,0.02520527
661,0.027339358
662,0.02640377
663,0.029108375
664,0.027169567
665,0.029238015
666,0.029238015
667,0.027593479
668,0.027773231
669,0.026859213
670,0.027223818
671,0.033517495
672,0.030386
673,0.017997064
674,0.04369553
675,0.027197178
676,0.16123706
677,0.030592646
678,0.02817642
679,5.616916
680,0.0297762
681,0.12719026
682,0.027514555
683,0.037801053
684,0.15285799
685,0.00914304
686,0.07654829
687,2.1081212
688,0.04769353
689,0.005846761
690,0.033517465
691,0.070912704
692,0.41718802
693,2.0523357
694,0.39799672
695,0.23997176
696,0.21346119
697,0.36354214
698,0.021478064
699,0.030872531
700,0.029385813
701,0.029387437
702,2.3641737
703,0.029618602
704,0.028401524
705,0.028339483
706,0.027389232
707,0.065011896
708,0.36131504
709,0.032772332
710,0.03364094
711,0.09355598
712,1.406599
713,0.23821768
714,0.3549662
715,0.049176414
716,0.040718637
717,1.0549811
718,0.09141107
719,0.5090119
720,1.0486461
721,0.04732154
722,0.018727057
723,0.028667383
724,0.020853296
725,0.018851824
726,0.026132524
727,1.6733172
728,0.072142825
729,0.056632478
730,0.030567337
731,0.02715855
732,0.12000484
733,1.6652133
734,0.5953561
735,0.33196458
736,0.12005153
737,0.025260177
738,0.03309866
739,0.008814588
740,0.45059118
741,0.021781415
742,0.026089497
743,0.1775907
744,0.026122343
745,0.024641946
746,0.2266933
747,0.025756504
748,0.112095684
749,0.036319625
750,1.3494394
751,0.030219644
752,0.025798917
753,14.563428
754,0.23727834
755,1.7636092
756,0.033429492
757,0.032087952
758,0.028067507
759,0.030548617
760,0.031578984
761,5.616916
762,0.028942965
763,0.028057374
764,5.616916
765,0.02540337
766,0.0128683075
767,0.018268421
768,0.046376336
769,0.02430527
770,1.2350787
771,0.5187585
772,1.0003195
773,0.01713439
774,5.616916
775,0.030574664
776,0.014360346
777,0.02771173
778,0.9047141
779,0.15707147
780,0.027702585
781,0.026472084
782,0.042966224
783,0.033517465
784,0.028065994
785,0.032772332
786,-0.011318989
787,0.024948578
788,0.02282565
789,0.03071776
790,2.8353045
791,0.099738404
792,0.02559409
793,0.1761514
794,0.11201288
795,0.08552268
796,0.027275838
797,0.030339718
798,0.6098048
799,0.04417045
800,0.0256048
801,0.22861269
802,0.015386783
803,0.030872531
804,0.2605833
805,0.028488692
806,0.021018237
807,0.030872531
808,0.7084845
809,0.029238015
810,0.024230156
811,0.028810702
812,1.6590409
813,0.08976133
814,0.11881572
815,5.616916
816,0.49601242
817,0.06962487
818,0.02601578
819,0.19390944
820,0.045052215
821,3.3216546
822,0.011210829
823,0.03114625
824,0.024964523
825,0.14234269
826,3.3216546
827,0.39487717
828,0.18803594
829,0.051582217
830,0.028392408
831,0.26476553
832,0.02812877
833,0.02839246
834,2.8818967
835,0.033462744
836,0.0691339
837,5.616916
838,0.021537594
839,0.02993409
840,0.02711692
841,2.6355379
842,0.028673463
843,0.025553666
844,0.021346144
845,0.024206758
846,0.030416891
847,0.1068154
848,0.052542325
849,0.029739767
850,0.019562915
851,0.030239835
852,1.3003514
853,0.054819226
854,0.029238015
855,0.2788125
856,0.029238015
857,1.0549811
858,0.05206871
859,0.03581969
860,0.033517465
861,3.0646749
862,0.028577305
863,0.032772314
864,0.026199557
865,0.027292222
866,0.017684408
867,5.838018
868,6.2692266
869,0.030409373
870,0.027199764
871,0.13096957
872,0.39447853
873,0.06718645
874,3.3216546
875,0.036923602
876,0.12683022
877,0.2586832
878,0.32907808
879,0.33581156
880,1.0003195
881,0.020421952
882,0.033462744
883,2.1316326
884,0.028404918
885,0.033462744
886,2.6086435
887,2.1315472
888,0.03744632
889,3.1806645
890,0.027251985
891,2.2436368
892,2.9962733
893,5.616916
894,2.576181
895,4.450587
896,0.027078208
897,0.025898382
898,0.02790799
899,0.028313436
900,0.040221233
901,0.009755492
902,0.027790837
903,0.029097307
904,0.01922474
905,0.56652844
906,4.076877
907,0.12991813
908,0.37437665
909,0.028993148
910,0.023197055
911,0.05306054
912,0.03323225
913,0.032772332
914,0.03238166
915,0.027716614
916,0.053490266
917,0.02241876
918,0.023951627
919,0.048920993
920,0.030548617
921,0.028836638
922,0.032772332
923,0.17987746
924,0.03114625
925,0.02344472
926,0.03134928
927,0.15870804
928,0.8219823
929,0.029238015
930,0.030912608
931,0.1431382
932,0.2683807
933,0.021668635
934,0.02422525
935,0.030013256
936,0.24472651
937,12.811217
938,0.026316188
939,0.9614419
940,1.3599147
941,0.83313906
942,0.008814588
943,0.029319879
944,0.57804596
945,0.029238015
946,0.1417691
947,0.043376405
948,0.031123258
949,0.032772332
950,0.028484188
951,4.558827
952,0.091676064
953,0.025333848
954,0.4784756
955,0.020672001
956,0.9895356
957,1.1923778
958,0.04022259
959,0.26567113
960,0.02791445
961,0.22392073
962,0.045809474
963,0.0684265
964,0.024944354
965,0.08136144
966,1.5239635
967,0.53420883
968,0.027151145
969,0.030872531
970,0.16291691
971,0.94363546
972,0.02649331
973,0.07262217
974,0.032772332
975,0.085054606
976,0.022985317
977,0.026659496
978,0.04559245
979,0.033043727
980,0.016023636
981,0.036827073
982,0.029117115
983,0.027209617
984,0.022929765
985,0.024366058
986,0.031417683
987,0.026752375
988,3.3337152
989,1.1769629
990,1.0549812
991,0.07203062
992,0.02606994
993,0.025350276
994,0.22675377
995,0.022371024
996,0.2993993
997,0.36099416
998,0.029978648
999,0.033517465
1000,0.80885005
1001,0.18397394
1002,0.12140111
1003,0.031140067
1004,0.027681325
1005,0.029499292
1006,0.030958869
1007,0.028227352
1008,0.5980256
1009,0.025611639
1010,0.36010632
1011,0.02685609
1012,0.02610264
1013,0.027003523
1014,0.022814132
1015,0.020963721
1016,0.0036155283
1017,0.036029786
1018,0.05759847
1019,0.031650215
1020,0.13940474
1021,0.03323225
1022,0.029271424
1023,0.27471778
1024,0.33124718
1025,0.026255913
1026,1.5039582
1027,1.0207729
1028,-0.0022896007
1029,0.012752369
1030,0.030958869
1031,0.027732812
1032,0.023386486
1033,0.10549685
1034,0.030872531
1035,0.029257886
1036,0.056052238
1037,0.2316612
1038,0.031800397
1039,0.048825875
1040,0.018437244
1041,0.029842593
1042,0.030567337
1043,0.024573822
1044,0.026399903
1045,0.033462744
1046,0.02924791
1047,0.027702585
1048,0.15388808
1049,1.0549811
1050,0.19927531
1051,0.055803776
1052,0.100022845
1053,0.0310302
1054,0.04120832
1055,0.1680914
1056,0.9076324
1057,0.029757328
1058,0.012868315
1059,0.02616084
1060,0.02985821
1061,0.030872531
1062,1.0645167
1063,0.024926309
1064,0.026680078
1065,0.47571304
1066,0.026678663
1067,0.01452525
1068,0.026878942
1069,0.23162082
1070,0.028454728
1071,0.02940932
1072,0.029600158
1073,0.02779185
1074,0.033517465
1075,0.027939186
1076,0.19260985
1077,0.028121263
1078,0.03059046
1079,0.032772332
1080,2.321613
1081,0.030872531
1082,0.02686023
1083,0.071716845
1084,0.12887551
1085,0.43753606
1086,0.109476745
1087,0.17263043
1088,0.02109252
1089,0.030706052
1090,0.0036076605
1091,0.0036076605
1092,0.030934632
1093,0.16307285
1094,0.009755492
1095,0.05877816
1096,0.025852017
1097,0.036378283
1098,2.1043136
1099,0.04617422
1100,0.11825563
1101,0.032243136
1102,0.04742811
1103,0.024230156
1104,0.19498591
1105,0.076848015
1106,0.20984873
1107,0.04678496
1108,0.049901694
1109,0.20540193
1110,0.025361486
1111,0.030958869
1112,0.530814
1113,0.03323225
1114,0.03346923
1115,0.15553316
1116,0.36864007
1117,1.6589825
1118,0.13981403
1119,0.08292085
1120,0.06764252
1121,1.0549811
1122,0.50672215
1123,0.094107024
1124,0.029067166
1125,0.16024688
1126,0.029238015
1127,0.031381257
1128,0.029155549
1129,0.051354744
1130,0.028581504
1131,0.025074512
1132,0.027396794
1133,0.029915996
1134,0.13625398
1135,0.08449458
1136,0.017940558
1137,0.11660256
1138,0.027096763
1139,0.02731457
1140,0.3741024
1141,0.023223497
1142,0.028395802
1143,0.07164991
1144,0.030872531
1145,0.06958862
1146,0.026719347
1147,0.06825552
1148,0.12393628
1149,0.113014296
1150,0.27415085
1151,3.5483594
1152,5.027303
1153,0.026665375
1154,1.0861851
1155,0.06655647
1156,0.028540723
1157,0.028597642
1158,3.4151666
1159,0.033462744
1160,0.030097391
1161,0.021705657
1162,0.028611027
1163,0.043121472
1164,0.17263043
1165,1.9139292
1166,0.03164085
1167,0.044412114
1168,0.043810382
1169,0.033517465
1170,0.033771668
1171,0.87522143
1172,0.033517465
1173,0.027859211
1174,0.025291987
1175,0.026313283
1176,0.23338956
1177,0.019431211
1178,0.026133943
1179,0.045005918
1180,0.6099018
1181,1.0800154
1182,0.79311633
1183,0.026214585
1184,0.044338405
1185,0.06592937
1186,0.029238015
1187,0.20162663
1188,0.22646853
1189,0.20567112
1190,0.12778391
1191,0.11078499
1192,0.17486514
1193,0.7792703
1194,0.026004042
1195,0.023928404
1196,0.023928404
1197,0.028568525
1198,0.027678087
1199,0.02502615
1200,0.029547267
1201,0.022440769
1202,0.076435104
1203,0.03853851
1204,7.369512
1205,0.005329944
1206,0.03201653
1207,0.02779422
1208,0.25856414
1209,0.017000146
1210,0.024191827
1211,0.18669665
1212,0.031349335
1213,0.030239835
1214,0.21430543
1215,0.58697957
1216,0.40297052
1217,0.026887365
1218,0.03201653
1219,1.0053308
1220,2.5498788
1221,0.17972729
1222,0.0074888244
1223,0.033462744
1224,0.5481716
1225,0.029830363
1226,0.04106215
1227,0.026958842
1228,0.035326943
1229,0.16836584
1230,0.016711935
1231,5.616916
1232,0.026444755
1233,0.7744841
1234,0.026950233
1235,0.02763135
1236,0.6679504
1237,0.22851536
1238,0.075288266
1239,0.026950233
1240,0.026964758
1241,0.020853296
1242,0.027886033
1243,0.041423954
1244,0.17736626
1245,0.03164158
1246,0.018779851
1247,0.026980188
1248,0.042387027
1249,0.05284208
1250,0.02970628
1251,0.47810283
1252,0.07396085
1253,0.02265399
1254,0.027710766
1255,0.26676458
1256,0.6159432
1257,0.02838374
1258,0.068056144
1259,0.61636114
1260,0.028543599
1261,0.030522387
1262,0.79845834
1263,3.3216546
1264,5.616916
1265,0.21968582
1266,0.8351029
1267,0.030004017
1268,0.024230156
1269,0.029238015
1270,1.6662393
1271,1.6138344
1272,0.027478993
1273,0.02781298
1274,1.3532085
1275,0.025060888
1276,0.27311543
1277,0.033627506
1278,0.03346277
1279,0.025327835
1280,0.020120822
1281,0.3655227
1282,0.89282554
1283,0.06379379
1284,0.026418425
1285,0.02419962
1286,0.033354558
1287,0.032961555
1288,0.02184873
1289,0.020853296
1290,0.02534791
1291,0.3246187
1292,0.02708561
1293,0.2292651
1294,0.5878185
1295,0.038437303
1296,0.022266932
1297,0.032523014
1298,0.17891961
1299,0.87758875
1300,0.021451883
1301,1.0495806
1302,0.03201653
1303,0.024467938
1304,0.03071776
1305,0.059063904
1306,0.06509042
1307,0.025546588
1308,1.0053308
1309,0.009755492
1310,0.06548228
1311,0.35936245
1312,1.0549811
1313,0.025777142
1314,1.0561877
1315,-0.01988557
1316,0.026528351
1317,0.025636256
1318,1.5986023
1319,5.616916
1320,0.026084386
1321,0.45239615
1322,0.024028331
1323,0.027250126
1324,0.027736418
1325,0.025556777
1326,0.029238015
1327,0.029238015
1328,0.029962182
1329,0.027886033
1330,0.047707833
1331,0.025564048
1332,0.021911867
1333,0.47571304
1334,0.023425236
1335,0.12605917
1336,0.0015998408
1337,3.3216546
1338,0.030958869
1339,0.05997785
1340,2.4298334
1341,0.02703407
1342,0.029985517
1343,0.025909726
1344,0.05614597
1345,0.029238015
1346,0.022880755
1347,0.043330736
1348,0.027298182
1349,0.051470015
1350,0.012868315
1351,1.1646798
1352,0.03269329
1353,0.028812524
1354,0.027870782
1355,0.020120822
1356,0.05287183
1357,0.0632121
1358,0.022211067
1359,0.023516163
1360,0.02337706
1361,0.23787194
1362,0.030912608
1363,0.038564075
1364,0.03962043
1365,0.026622683
1366,0.02490839
1367,0.03201653
1368,0.03323225
1369,0.027285334
1370,0.03323225
1371,0.025648661
1372,0.03201653
1373,0.17808944
1374,0.029237993
1375,0.025462791
1376,0.02782248
1377,0.14305854
1378,0.018759236
1379,0.100481965
1380,0.024223391
1381,0.032772332
1382,0.06400561
1383,0.025984757
1384,0.34575635
1385,0.029540628
1386,0.029238015
1387,0.11487972
1388,0.034210924
1389,0.4519268
1390,0.04841275
1391,0.38368243
1392,0.021811806
1393,1.0360267
1394,0.04973021
1395,0.03201653
1396,0.032772332
1397,13.7540655
1398,0.04066149
1399,1.1756842
1400,0.02998418
1401,0.017655037
1402,0.17263043
1403,0.035715915
1404,0.076304615
1405,0.021289475
1406,0.041008055
1407,0.02609773
1408,0.031381257
1409,0.030872531
1410,0.03853134
1411,0.053089138
1412,0.28144935
1413,0.033462744
1414,1.3192567
1415,0.15336266
1416,2.7867603
1417,3.8106585
1418,1.7636092
1419,1.9941448
1420,0.8443789
1421,3.527902
1422,0.8411979
1423,2.3217182
1424,1.3532085
1425,1.3532085
1426,0.37075883
1427,3.3216546
1428,0.02821264
1429,0.023941632
1430,8.590848
1431,0.11306051
1432,0.41913536
1433,0.07919681
1434,0.10894207
1435,2.4882257
1436,0.32261
1437,0.07478982
1438,5.616916
1439,0.56834793
1440,0.05467035
1441,0.07624483
1442,0.29116485
1443,4.7977448
1444,0.58442014
1445,0.012868315
1446,0.025309592
1447,3.645016
1448,3.5936992
1449,3.8430054
1450,4.676203
1451,0.024530817
1452,0.029238015
1453,5.0918875
1454,0.033517465
1455,0.020853296
1456,0.0480448
1457,1.5908954
1458,0.03323225
1459,0.029842593
1460,0.024078902
1461,0.02429223
1462,0.039706465
1463,0.16075991
1464,0.2630436
1465,2.1097982
1466,0.019304045
1467,0.028277066
1468,0.040909432
1469,0.03940026
1470,0.032772314
1471,0.022732854
1472,0.043907855
1473,0.026184406
1474,0.028853185
1475,0.38755372
1476,0.32221538
1477,0.22448453
1478,0.17124471
1479,2.3217182
1480,0.03048399
1481,0.026055276
1482,0.026705816
1483,0.027657207
1484,0.07301175
1485,0.029309157
1486,0.021870509
1487,0.1667304
1488,0.07847588
1489,0.026847783
1490,0.026058797
1491,0.017713211
1492,0.03059046
1493,0.030912608
1494,0.03323225
1495,0.033517465
1496,0.033517465
1497,0.027158465
1498,0.033517465
1499,0.028830238
1500,0.025577702
1501,0.050190207
1502,0.029683731
1503,0.027838595
1504,0.030630704
1505,0.035367034
1506,5.3378415
1507,9.6456375
1508,0.016090639
1509,0.084882125
1510,0.028776228
1511,0.04027645
1512,0.028991055
1513,0.03201653
1514,0.865494
1515,0.5222043
1516,0.046777345
1517,5.616916
1518,0.026509829
1519,0.023172863
1520,8.383453
1521,0.02803135
1522,0.035870414
1523,0.028434366
1524,0.1494261
1525,0.23345989
1526,0.49291334
1527,0.033462744
1528,0.060360383
1529,0.24335778
1530,0.6191125
1531,0.4858628
1532,1.0035788
1533,0.6471993
1534,0.03095891
1535,0.1900157
1536,0.02144391
1537,0.03453164
1538,1.0008702
1539,2.5218165
1540,0.009755492
1541,0.027330637
1542,3.3288033
1543,0.18845779
1544,0.02692759
1545,0.05603965
1546,0.0522305
1547,0.016432472
1548,0.029482294
1549,0.028041448
1550,0.029600158
1551,0.033462744
1552,0.03172169
1553,0.029633336
1554,0.027800426
1555,0.031800397
1556,0.032772332
1557,0.026708119
1558,0.030548617
1559,0.029357482
1560,0.027553175
1561,0.033517465
1562,0.028601158
1563,1.0053308
1564,0.026488785
1565,0.21777296
1566,0.1021553
1567,0.028764546
1568,0.8050443
1569,0.030912608
1570,0.0872405
1571,0.047547303
1572,0.031800397
1573,0.026958436
1574,0.015843846
1575,0.017386287
1576,0.5253503
1577,0.1578672
1578,5.616916
1579,0.0132538155
1580,0.34125793
1581,0.028408341
1582,4.031094
1583,4.754924
1584,0.028627679
1585,0.033517465
1586,0.19361788
1587,0.02180218
1588,0.03108275
1589,0.024230156
1590,0.03247625
1591,1.0549811
1592,0.16894045
1593,0.07045234
1594,0.027310535
1595,0.029569611
1596,0.02703407
1597,0.028993148
1598,0.13059658
1599,0.034552854
1600,0.3737379
1601,0.030872531
1602,0.078811325
1603,0.35620472
1604,0.033462744
1605,0.030548617
1606,0.28894213
1607,0.09274736
1608,0.030958869
1609,0.024216384
1610,0.7327431
1611,0.033462744
1612,0.041672323
1613,0.023764051
1614,0.02632295
1615,0.052360453
1616,0.016932234
1617,0.4541863
1618,0.03855297
1619,0.012615241
1620,0.07192902
1621,0.18524593
1622,0.022946335
1623,0.083473206
1624,0.02890598
1625,0.15659183
1626,0.026122823
1627,0.024240077
1628,0.027781013
1629,0.024332613
1630,0.0269548
1631,5.616916
1632,0.033517465
1633,0.030548617
1634,0.032304812
1635,0.028595086
1636,0.02703407
1637,0.029116385
1638,1.7636092
1639,0.026723579
1640,0.03108275
1641,0.026950233
1642,0.038784906
1643,0.42421293
1644,0.14580351
1645,0.033462744
1646,0.036746643
1647,0.041263103
1648,0.024455566
1649,0.040776715
1650,0.04637088
1651,0.52707314
1652,0.43011484
1653,0.030004017
1654,0.028991055
1655,0.025842823
1656,0.024875324
1657,0.029299736
1658,0.033621203
1659,0.03323225
1660,0.02436401
1661,0.05792083
1662,0.052064937
1663,0.028303415
1664,0.027941752
1665,0.031923167
1666,0.12719026
1667,3.1905658
1668,4.642007
1669,0.26566014
1670,1.372982
1671,0.017000146
1672,0.62965345
1673,0.03323225
1674,2.8353045
1675,0.01511734
1676,3.3216546
1677,1.7302101
1678,3.3216546
1679,0.38428313
1680,0.42173943
1681,0.6468926
1682,3.3216546
1683,0.6762587
1684,0.029427614
1685,0.033047114
1686,0.03844644
1687,0.025292631
1688,0.02500305
1689,0.02173163
1690,1.0654846
1691,0.15196958
1692,0.13655922
1693,0.030548617
1694,0.025195315
1695,0.028581534
1696,0.48228118
1697,0.47734824
1698,0.03129131
1699,0.023587726
1700,0.0971509
1701,0.027007043
1702,0.9044944
1703,0.030401625
1704,0.027676027
1705,0.03201653
1706,0.029744342
1707,0.026296534
1708,0.035852287
1709,0.017000146
1710,0.028447457
1711,0.022559397
1712,0.02703407
1713,0.027876142
1714,0.90675074
1715,0.03322597
1716,3.3216546
1717,0.022485219
1718,0.03108275
1719,0.13543965
1720,0.029389642
1721,2.6649106
1722,0.41398314
1723,0.28909823
1724,0.024739847
1725,0.28396618
1726,0.1296527
1727,0.12072485
1728,0.2905607
1729,0.031800397
1730,0.027443409
1731,0.19596478
1732,0.024230156
1733,0.2707923
1734,0.033196233
1735,1.0967834
1736,0.0950995
1737,0.11566311
1738,0.02754118
1739,0.5420517
1740,0.79755175
1741,0.7614365
1742,0.030548617
1743,0.024705917
1744,0.8052262
1745,2.9932585
1746,0.17477313
1747,0.02909509
1748,0.033517465
1749,0.031349335
1750,0.032772332
1751,0.025359504
1752,0.027221292
1753,0.32857135
1754,0.026323937
1755,3.3298254
1756,0.090662174
1757,0.008814588
1758,0.033517495
1759,0.016772673
1760,0.02460754
1761,0.91244185
1762,0.02510012
1763,0.027053338
1764,0.029320914
1765,0.029270556
1766,0.027663771
1767,0.024862066
1768,0.042858936
1769,2.3563282
1770,0.10605768
1771,0.21450087
1772,0.03139862
1773,0.027838193
1774,0.01652193
1775,0.028407179
1776,0.030028228
1777,0.028899685
1778,0.07052024
1779,0.03323225
1780,0.027283605
1781,0.027210463
1782,0.020853296
1783,0.027283605
1784,0.033462744
1785,0.03323225
1786,0.033462744
1787,0.017000146
1788,0.025702275
1789,0.030004017
1790,0.027630012
1791,1.0003194
1792,0.028430402
1793,0.14537114
1794,0.03323225
1795,0.027814869
1796,0.02790083
1797,0.03838729
1798,0.036822155
1799,0.028293043
1800,0.22158465
1801,0.033517465
1802,0.033462744
1803,0.02228523
1804,0.0747443
1805,0.0286007
1806,0.024846695
1807,0.028507024
1808,0.03856626
1809,0.11473045
1810,0.50473154
1811,1.7228419
1812,0.029408734
1813,0.04044483
1814,0.03201653
1815,0.033517465
1816,0.043311715
1817,0.02881705
1818,0.028703012
1819,0.029172812
1820,0.027577542
1821,0.026950233
1822,0.030071825
1823,0.030567367
1824,0.03201653
1825,0.027524538
1826,0.02703407
1827,0.029073447
1828,0.02736416
1829,0.029540628
1830,0.02789934
1831,0.029633336
1832,0.01219178
1833,0.01731743
1834,0.226167
1835,0.36900288
1836,0.024050396
1837,0.02429223
1838,0.044553347
1839,1.4349965
1840,0.026950233
1841,5.616916
1842,0.02299466
1843,0.3054402
1844,0.19573559
1845,0.026038487
1846,2.172961
1847,0.027485792
1848,3.3022587
1849,2.6651075
1850,0.03272935
1851,0.02757191
1852,0.029193133
1853,0.027228791
1854,3.467402
1855,0.029452324
1856,0.9232327
1857,0.024320684
1858,0.055275954
1859,0.17999005
1860,0.93197167
1861,0.43206507
1862,0.064665735
1863,0.25659323
1864,0.033462744
1865,0.027896158
1866,0.02409298
1867,0.028855361
1868,0.238103
1869,0.024983283
1870,5.616916
1871,0.02577854
1872,0.020680897
1873,0.2758236
1874,0.05124878
1875,0.1862562
1876,0.025061592
1877,0.09086186
1878,2.3331108
1879,0.027078208
1880,0.020628102
1881,0.024601929
1882,0.024891742
1883,5.616916
1884,0.021638185
1885,0.04602018
1886,0.028147895
1887,-0.009110279
1888,0.029165465
1889,0.03323225
1890,0.020807803
1891,0.80006254
1892,0.18474334
1893,0.024520792
1894,0.033517465
1895,0.045005497
1896,0.028211761
1897,0.028423544
1898,0.028766304
1899,2.1450799
1900,0.027751006
1901,0.028188895
1902,0.028409768
1903,0.02517454
1904,0.02705
1905,0.031578984
1906,0.026695237
1907,0.026958436
1908,0.027003694
1909,0.025674693
1910,0.004804261
1911,0.028198473
1912,0.025495887
1913,0.028140001
1914,0.02836645
1915,0.029137183
1916,0.024849929
1917,0.026874676
1918,0.027411535
1919,0.027944744
1920,0.026710384
1921,0.02789041
1922,0.030268475
1923,0.032772332
1924,0.02676823
1925,0.029135693
1926,0.026457734
1927,0.02661192
1928,0.028885737
1929,0.03172169
1930,0.13541564
1931,8.753575
1932,0.17919639
1933,0.012868315
1934,0.048434857
1935,0.12935126
1936,0.12236637
1937,0.05105804
1938,0.0054300725
1939,0.040981002
1940,0.023143858
1941,0.03323225
1942,0.73187995
1943,0.029127695
1944,0.029238015
1945,0.17615762
1946,0.027267434
1947,0.76498055
1948,0.02556198
1949,0.3318471
1950,0.21670642
1951,0.037689544
1952,0.022523478
1953,0.02684797
1954,0.028691478
1955,0.029868547
1956,0.03826921
1957,0.10637717
1958,1.0003195
1959,0.031800397
1960,0.023690358
1961,0.03905873
1962,0.66858625
1963,1.1428117
1964,0.28172812
1965,-0.0048943684
1966,0.028330445
1967,0.032772332
1968,0.03108275
1969,0.029234793
1970,0.91475105
1971,0.03412317
1972,0.090867504
1973,0.016973756
1974,0.026959658
1975,0.02841825
1976,0.031800397
1977,0.030013256
1978,5.616916
1979,0.085266694
1980,0.06607358
1981,0.029822126
1982,0.020522632
1983,0.032772314
1984,0.028848324
1985,0.039685845
1986,0.02672971
1987,0.017000146
1988,0.17065135
1989,0.03201653
1990,0.031800397
1991,0.023895994
1992,0.6134157
1993,0.070771575
1994,0.033517465
1995,0.45635512
1996,0.033462744
1997,0.01954861
1998,0.02751406
1999,0.024240911
2000,1.1338387
2001,0.028625812
2002,0.54784894
2003,0.034471612
2004,0.21287292
2005,0.1966339
2006,0.09721452
2007,0.028772686
2008,0.030361377
2009,1.3153734
2010,0.13364084
2011,3.8106585
2012,0.023586228
2013,0.36099243
2014,0.05707002
2015,0.24205819
2016,0.02100166
2017,0.08539663
2018,0.04172513
2019,0.037331298
2020,0.0741351
2021,5.928329
2022,0.028264165
2023,0.8659874
2024,1.0773379
2025,3.381701
2026,0.32904646
2027,0.74750596
2028,0.03201653
2029,0.029978648
2030,0.029238015
2031,0.02477011
2032,0.029238015
2033,5.616916
2034,0.0144673735
2035,0.045411177
2036,0.01762423
2037,0.115511365
2038,0.022917636
2039,0.023532115
2040,0.6921836
2041,0.027168464
2042,0.0231907
2043,0.14357334
2044,0.0045622215
2045,0.0845696
2046,0.035583608
2047,0.028129093
2048,0.021945052
2049,0.02109252
2050,0.030912608
2051,0.02924791
2052,0.033517465
2053,0.031347517
2054,0.028689578
2055,0.027941354
2056,0.03789624
2057,1.2416909
2058,3.523465
2059,3.5179977
2060,0.011390924
2061,0.02730802
2062,3.3216546
2063,0.026843008
2064,0.02940932
2065,0.61630803
2066,0.07216934
2067,0.15870371
2068,0.003853634
2069,0.033462744
2070,0.123031884
2071,0.17298579
2072,3.2883189
2073,0.63258064
2074,0.03260029
2075,0.020167135
2076,0.0669672
2077,0.13844305
2078,0.28038877
2079,0.033232257
2080,0.35576642
2081,0.028616883
2082,0.0322483
2083,0.0015313253
2084,1.2603871
2085,3.5221732
2086,0.02109252
2087,0.043318566
2088,0.047457546
2089,0.031686887
2090,0.29944697
2091,0.034108974
2092,0.101965755
2093,0.040586032
2094,3.1826704
2095,0.4223177
2096,0.09326795
2097,0.12587069
2098,0.027272947
2099,0.055322655
2100,0.06515123
2101,0.03059046
2102,1.2910662
2103,4.919464
2104,0.02887052
2105,0.04121989
2106,0.04333531
2107,0.34846124
2108,0.17580211
2109,0.025471866
2110,0.026537877
2111,0.029519081
2112,0.024679203
2113,0.009796508
2114,0.896179
2115,5.616916
2116,0.03170991
2117,0.16751263
2118,0.021519236
2119,0.03114625
2120,0.05298045
2121,0.02756907
2122,0.033462744
2123,0.03564726
2124,0.033462744
2125,0.028709844
2126,0.042333033
2127,0.08342457
2128,0.026498243
2129,0.012873985
2130,0.027202088
2131,2.4248016
2132,0.070683815
2133,0.111745015
2134,0.024230156
2135,0.019031323
2136,0.028993148
2137,0.033462744
2138,0.028312683
2139,0.028901752
2140,0.03114625
2141,5.616916
2142,0.024230123
2143,0.029438265
2144,0.032269523
2145,0.017013788
2146,0.027752258
2147,0.020258717
2148,0.024607658
2149,0.37244153
2150,0.029543795
2151,0.046406917
2152,0.028058
2153,0.53860927
2154,0.025088929
2155,0.19424644
2156,0.037347957
2157,0.026625108
2158,0.03201653
2159,0.03201653
2160,0.02556967
2161,0.025594257
2162,0.01440303
2163,0.16372593
2164,0.35204735
2165,0.024663553
2166,0.027439568
2167,0.04974661
2168,0.97114104
2169,0.062068813
2170,0.090944424
2171,0.0297762
2172,0.029842593
2173,0.0045622215
2174,0.23889062
2175,0.029253118
2176,0.7895899
2177,0.026265472
2178,0.020853296
2179,0.999913
2180,0.028442219
2181,0.021346144
2182,0.009755492
2183,0.033517465
2184,0.02791182
2185,0.082419574
2186,0.1456497
2187,0.020672001
2188,2.0211961
2189,0.91405404
2190,1.7636092
2191,0.0352486
2192,0.037041716
2193,0.05450331
2194,0.06225443
2195,0.01352118
2196,0.02580285
2197,0.027884576
2198,0.049236014
2199,0.022631504
2200,0.018194579
2201,0.022510238
2202,0.0174639
2203,0.032772332
2204,0.032772332
2205,0.029951952
2206,0.024950191
2207,0.02939745
2208,0.36444768
2209,0.5260709
2210,0.021355428
2211,3.1905658
2212,0.7476765
2213,0.028832596
2214,0.029116385
2215,0.024230156
2216,0.030548617
2217,0.024096817
2218,0.027193297
2219,0.6921822
2220,0.030026741
2221,0.6546936
2222,0.028808702
2223,0.027376752
2224,0.02265399
2225,0.024230156
2226,0.030912608
2227,0.020853296
2228,0.028324645
2229,-0.00052696466
2230,5.616916
2231,0.02894494
2232,3.3216546
2233,0.43573594
2234,0.13182183
2235,0.026876189
2236,0.02571414
2237,0.27588764
2238,0.2847479
2239,0.032873996
2240,0.020106144
2241,0.028234266
2242,0.04012924
2243,6.0367613
2244,0.02477786
2245,2.8686492
2246,0.40499875
2247,0.022802934
2248,0.03201653
2249,0.024902828
2250,0.02909509
2251,0.0265579
2252,0.033517465
2253,0.027727451
2254,0.02666112
2255,0.027793352
2256,0.026341468
2257,0.029204126
2258,0.029291075
2259,0.029257722
2260,0.019524015
2261,0.0054300725
2262,1.0925825
2263,0.015940405
2264,0.030276388
2265,0.22425121
2266,0.029739156
2267,5.616916
2268,0.5813731
2269,0.017000146
2270,0.021092497
2271,0.030326363
2272,0.033462744
2273,0.033462744
2274,0.029357482
2275,0.027060427
2276,0.028551213
2277,0.02545736
2278,0.6191125
2279,0.02447648
2280,0.12719026
2281,0.113380484
2282,0.025999043
2283,0.11183385
2284,1.2810483
2285,0.018808268
2286,0.030567337
2287,0.058276553
2288,0.14305854
2289,0.024002202
2290,0.03323225
2291,0.027412817
2292,0.06642785
2293,0.18241858
2294,0.026719347
2295,0.03026729
2296,0.03869139
2297,0.06069141
2298,1.9164355
2299,0.103858724
2300,0.024173688
2301,0.027693585
2302,0.032703515
2303,0.15707146
2304,0.029482294
2305,0.029540628
2306,0.0283502
2307,0.03707637
2308,0.49121183
2309,0.033462744
2310,0.8467643
2311,0.13609357
2312,3.3216546
2313,0.03257835
2314,0.04002831
2315,0.029338852
2316,0.068425864
2317,0.20162663
2318,0.17482874
2319,0.058068603
2320,0.21506488
2321,0.12743041
2322,5.616916
2323,0.026092656
2324,0.031578984
2325,0.1578672
2326,0.07888745
2327,0.042137858
2328,0.02288317
2329,0.022136368
2330,0.032772332
2331,0.28771743
2332,0.23976007
2333,0.031673733
2334,1.2190156
2335,0.06311309
2336,0.28654283
2337,0.036741268
2338,5.616916
2339,0.014715128
2340,0.103107005
2341,0.02889001
2342,0.029149622
2343,0.07698113
2344,0.026815914
2345,0.30680257
2346,0.027585186
2347,0.026580341
2348,0.028527562
2349,0.042200565
2350,0.022084884
2351,0.02524748
2352,0.024769645
2353,0.028662153
2354,0.027294844
2355,0.029386137
2356,0.027078208
2357,0.02435004
2358,5.616916
2359,0.027429588
2360,0.028071754
2361,1.2645359
2362,0.5347375
2363,0.1162799
2364,0.027320098
2365,0.10012172
2366,0.033393603
2367,0.022977896
2368,0.030452818
2369,0.0480373
2370,0.15646484
2371,1.4760901
2372,0.06323403
2373,0.010269947
2374,0.07315288
2375,0.14825659
2376,0.02703407
2377,0.027649324
2378,0.030548617
2379,0.033517465
2380,0.031711567
2381,0.10788605
2382,0.022494487
2383,0.029431373
2384,0.020239793
2385,0.023685671
2386,0.025575556
2387,0.024849929
2388,0.031800397
2389,0.028306875
2390,0.019770116
2391,0.033517465
2392,0.2577598
2393,0.22434455
2394,0.029915996
2395,0.19727126
2396,0.9133556
2397,0.87570727
2398,0.028658777
2399,0.03346277
2400,0.339112
2401,0.027547449
2402,0.022206925
2403,0.03269329
2404,0.087008014
2405,0.02109252
2406,0.08518937
2407,1.019378
2408,3.8782732
2409,0.009755492
2410,0.028404918
2411,3.853059
2412,0.023737624
2413,1.4206593
2414,0.20648426
2415,0.024796102
2416,0.70706856
2417,0.030071855
2418,0.027287565
2419,0.025451373
2420,0.02693281
2421,0.33177146
2422,1.719679
2423,0.2676447
2424,1.6931956
2425,0.02228523
2426,0.057708763
2427,0.028409272
2428,1.0053308
2429,0.14344507
2430,0.03201655
2431,0.02819277
2432,0.023327209
2433,0.024028331
2434,0.03566611
2435,0.17441267
2436,-0.02764088
2437,0.077794194
2438,0.029691584
2439,0.037622858
2440,0.055499908
2441,0.057737634
2442,1.4109493
2443,0.029856749
2444,0.033517465
2445,0.21738863
2446,0.537135
2447,0.13965385
2448,0.27617112
2449,1.2613591
2450,0.6527808
2451,0.033462744
2452,0.033462744
2453,0.031324968
2454,0.031349335
2455,0.4519268
2456,0.5518848
2457,0.57478404
2458,0.026019108
2459,0.026345778
2460,0.73187995
2461,0.028659347
2462,0.029498957
2463,0.027577534
2464,0.027914405
2465,0.03354291
2466,0.15612096
2467,0.24875021
2468,0.028657295
2469,0.053969875
2470,0.027753085
2471,0.9725404
2472,4.0483456
2473,0.033462744
2474,0.02923074
2475,0.030567337
2476,0.06714606
2477,0.60359865
2478,0.11047413
2479,0.022856735
2480,0.029781386
2481,0.029148243
2482,0.13853024
2483,0.31533462
2484,0.033517465
2485,0.38631415
2486,0.0427505
2487,0.026958436
2488,0.02574648
2489,0.06463969
2490,0.024936147
2491,0.36962846
2492,0.60721666
2493,0.022794344
2494,0.19156577
2495,0.023773864
2496,0.212136
2497,0.4018936
2498,0.34522215
2499,0.4218214
2500,0.028331269
2501,0.42088392
2502,0.056136295
2503,0.4403224
2504,0.036396198
2505,0.029238015
2506,0.05740915
2507,0.029334515
2508,0.030386
2509,0.04865262
2510,0.5064886
2511,0.16307509
2512,1.6296842
2513,0.15812892
2514,0.17398256
2515,0.041878276
2516,0.82623947
2517,5.616916
2518,0.03201653
2519,0.029065281
2520,0.029914305
2521,0.0103189945
2522,1.2018104
2523,0.33549598
2524,0.021769397
2525,0.05777806
2526,0.029734217
2527,0.026908077
2528,0.07992817
2529,0.0261361
2530,0.10788605
2531,0.053608347
2532,0.028108157
2533,0.028683476
2534,0.02915252
2535,0.031578984
2536,0.03071776
2537,0.031381257
2538,0.019533217
2539,0.02386143
2540,0.05272577
2541,0.033462744
2542,0.1578672
2543,0.032772332
2544,0.6393141
2545,0.03091152
2546,0.008814588
2547,0.21950024
2548,0.20383164
2549,0.035840653
2550,0.024230156
2551,5.616916
2552,-0.010961853
2553,0.027179558
2554,0.014682002
2555,0.025107466
2556,0.033462744
2557,0.029236723
2558,0.028079458
2559,0.028577305
2560,2.8353045
2561,0.022381611
2562,0.6191125
2563,0.04834336
2564,1.531843
2565,5.616916
2566,0.18323737
2567,0.07131283
2568,0.02726008
2569,0.030257031
2570,0.24326003
2571,0.0256612
2572,0.022032537
2573,5.422483
2574,0.025772523
2575,0.047921903
2576,0.029739156
2577,0.17972729
2578,0.024964523
2579,0.027354721
2580,0.027705986
2581,0.028312266
2582,0.025872212
2583,0.027500082
2584,0.79417956
2585,0.031381257
2586,0.04780273
2587,0.02703407
2588,0.20162663
2589,0.029276628
2590,0.023970187
2591,0.02592922
2592,0.03772538
2593,0.02693563
2594,0.68914986
2595,0.027237736
2596,0.02919814
2597,0.027012639
2598,0.32427704
2599,0.25715855
2600,0.029123675
2601,0.12819998
2602,0.02173163
2603,0.033462744
2604,0.030548617
2605,0.02982362
2606,0.2437172
2607,0.026094124
2608,0.039985187
2609,-0.019668035
2610,0.24889106
2611,0.030598123
2612,0.012253389
2613,0.027199764
2614,0.02703407
2615,0.029482294
2616,0.46828347
2617,0.06288851
2618,0.026560165
2619,0.02703407
2620,0.029482294
2621,0.012868315
2622,0.03201655
2623,0.03346277
2624,0.025991555
2625,0.0056207255
2626,0.026501216
2627,0.029482294
2628,5.616916
2629,0.034642383
2630,0.47718772
2631,0.014193974
2632,0.027715638
2633,0.055939566
2634,0.03201653
2635,0.25774384
2636,0.02948739
2637,-0.0052309707
2638,0.025091387
2639,0.049767654
2640,0.028972026
2641,0.021284416
2642,0.030548617
2643,0.02839246
2644,0.033517465
2645,0.027130134
2646,0.4034442
2647,0.33150133
2648,0.02919814
2649,0.029978648
2650,0.028527562
2651,0.033485226
2652,0.02299375
2653,0.008827329
2654,0.028330442
2655,2.640206
2656,0.17316183
2657,0.24056119
2658,0.21431589
2659,0.0773108
2660,0.21826199
2661,0.26156062
2662,0.19414517
2663,0.16870037
2664,0.30186558
2665,0.018322982
2666,0.03201653
2667,0.1424604
2668,0.20507324
2669,2.315017
2670,0.02703407
2671,0.017000146
2672,0.03201653
2673,0.21214446
2674,0.0150107965
2675,5.2923155
2676,0.018268391
2677,0.08016686
2678,0.73187995
2679,0.017822757
2680,0.028071754
2681,0.029560693
2682,0.025512706
2683,0.03059046
2684,8.995771
2685,5.616916
2686,0.028602522
2687,0.028973095
2688,5.616916
2689,0.027433146
2690,0.2858403
2691,0.3248302
2692,0.16082165
2693,0.16865279
2694,4.95908
2695,0.02703407
2696,0.026230693
2697,0.058746964
2698,0.029739156
2699,0.021452658
2700,0.026395887
2701,0.028538585
2702,0.1802212
2703,0.22529104
2704,0.30600378
2705,0.34432235
2706,0.03323225
2707,0.024230156
2708,0.032772332
2709,0.017000146
2710,0.026404742
2711,0.0045622215
2712,0.029303603
2713,0.799667
2714,0.026833449
2715,0.029210337
2716,1.6100941
2717,0.95470613
2718,-0.0022703484
2719,0.10508397
2720,0.38644224
2721,0.3048585
2722,0.028970733
2723,0.029238015
2724,0.026444755
2725,0.15845346
2726,0.024174333
2727,0.18509147
2728,0.087078184
2729,0.2237241
2730,0.10077067
2731,0.02703407
2732,0.032772332
2733,0.028404918
2734,0.19559023
2735,0.031154186
2736,0.087804936
2737,0.030660685
2738,0.17310736
2739,0.18257216
2740,0.04789178
2741,0.27062714
2742,0.026542515
2743,0.028792363
2744,0.037925795
2745,0.029504031
2746,0.012863271
2747,0.054354757
2748,0.026045296
2749,0.03472489
2750,0.28169763
2751,0.03574038
2752,0.032514475
2753,0.033462744
2754,1.6924707
2755,0.17653462
2756,0.028334916
2757,0.0045435056
2758,0.59211487
2759,0.028993148
2760,0.026123796
2761,-0.010230206
2762,0.024921268
2763,0.027584154
2764,0.021274656
2765,0.02559663
2766,0.025154654
2767,0.02626386
2768,0.053988878
2769,0.030024242
2770,0.029678047
2771,0.028561674
2772,0.6684685
2773,0.6455884
2774,0.04770807
2775,0.028592214
2776,0.031381257
2777,0.057327528
2778,0.040124126
2779,0.029591713
2780,0.17972729
2781,0.10644956
2782,1.2127051
2783,0.2574527
2784,0.06310637
2785,-0.026086353
2786,0.033462744
2787,0.23386586
2788,0.15974174
2789,0.01909592
2790,0.023184478
2791,0.023349144
2792,5.616916
2793,0.032772332
2794,0.13918795
2795,0.1568945
2796,0.026965361
2797,0.061709955
2798,0.060185865
2799,0.036539074
2800,0.28979474
2801,4.9031854
2802,0.027283605
2803,0.029744342
2804,0.02703407
2805,0.08979676
2806,0.02942127
2807,0.027627774
2808,0.028404918
2809,0.099735826
2810,0.03071776
2811,0.030001663
2812,0.026481003
2813,0.026800055
2814,5.047665
2815,0.027034119
2816,0.03146409
2817,0.13013947
2818,0.029936455
2819,0.033462744
2820,0.12057674
2821,0.025073431
2822,3.3216546
2823,0.16374663
2824,0.032772332
2825,0.026494049
2826,0.031349335
2827,1.6587571
2828,0.004511483
2829,0.11593709
2830,0.75151825
2831,0.040073372
2832,0.024519127
2833,0.031270325
2834,0.029842593
2835,0.03130469
2836,0.028776798
2837,0.44898358
2838,0.12792228
2839,0.2964902
2840,2.7927911
2841,0.033517465
2842,0.02941084
2843,0.024522927
2844,0.025604934
2845,0.029415715
2846,0.3827202
2847,0.023710482
2848,0.029482294
2849,0.031800397
2850,0.033517465
2851,0.0297762
2852,0.03108275
2853,0.03071776
2854,0.01509767
2855,6.063641
2856,1.1044166
2857,0.082842246
2858,0.030567337
2859,1.0549811
2860,0.87812555
2861,-0.009029254
2862,2.7567284
2863,0.02729819
2864,0.032368816
2865,0.018655889
2866,0.026652977
2867,0.02175723
2868,0.27499363
2869,0.026728012
2870,4.5193057
2871,0.29892325
2872,0.48719403
2873,0.33721542
2874,0.7141198
2875,0.021563105
2876,0.029002413
2877,0.35861668
2878,0.24252439
2879,0.9046808
2880,0.033005707
2881,0.22329214
2882,0.031195953
2883,0.31395602
2884,0.029978648
2885,0.2243154
2886,2.3217182
2887,0.07232551
2888,0.1733789
2889,2.8700447
2890,0.10575885
2891,0.1505045
2892,1.3249393
2893,0.025745679
2894,0.028256305
2895,0.033517465
2896,0.023223303
2897,0.028577264
2898,0.022734642
2899,0.020853296
2900,0.030872531
2901,0.027657583
2902,0.0045622215
2903,0.15345003
2904,0.022928707
2905,0.027487949
2906,1.0003195
2907,0.06117144
2908,0.03059046
2909,0.09398441
2910,0.014817797
2911,3.7899354
2912,0.5918336
2913,0.05080066
2914,0.029357482
2915,0.12965794
2916,0.26891568
2917,0.022915356
2918,0.03172169
2919,0.029739156
2920,0.031800397
2921,0.20104294
2922,0.6191125
2923,0.023084633
2924,0.028772686
2925,0.033517465
2926,0.07953937
2927,0.0036076605
2928,5.616916
2929,0.023394205
2930,0.034378592
2931,0.027280267
2932,0.4519268
2933,0.25585756
2934,0.17378384
2935,0.028024334
2936,0.03095382
2937,0.041507687
2938,0.18702
2939,0.027744647
2940,0.654706
2941,0.02915252
2942,0.024427924
2943,0.06315285
2944,0.06315288
2945,0.06315288
2946,0.06760384
2947,0.06315288
2948,0.06315288
2949,0.18554866
2950,0.17849451
2951,0.18280739
2952,0.18280739
2953,0.23814863
2954,0.033462744
2955,-0.0014324933
2956,0.0051020086
2957,-0.0006181225
2958,0.0043111295
2959,0.019435294
2960,0.100452214
2961,0.033517465
2962,0.033517465
2963,0.03108275
2964,0.031800397
2965,0.027681325
2966,0.028296337
2967,0.028811943
2968,0.026925128
2969,0.020853296
2970,0.17804193
2971,0.020228751
2972,0.024705883
2973,0.027378373
2974,0.033517495
2975,0.03461265
2976,0.23031557
2977,0.14772528
2978,0.07470918
2979,0.37154993
2980,0.023223497
2981,0.029842593
2982,5.616916
2983,3.5137146
2984,0.022913389
2985,0.029117115
2986,0.017034262
2987,1.2503555
2988,0.030609824
2989,0.028215066
2990,0.032772332
2991,14.46232
2992,0.041416455
2993,0.02174338
2994,0.015630096
2995,0.02598229
2996,0.8734786
2997,0.033462744
2998,0.029735088
2999,0.2623098
3000,0.033462744
3001,0.39925516
3002,0.19420615
3003,0.02703407
3004,0.033517465
3005,0.049004257
3006,0.033532184
3007,0.02676712
3008,0.0067206398
3009,2.5407295
3010,0.030609824
3011,0.0207263
3012,0.17610794
3013,0.039383344
3014,0.053010806
3015,0.028520677
3016,0.0654587
3017,0.012868315
3018,0.8499239
3019,0.029333726
3020,0.026753299
3021,0.030207753
3022,0.034626715
3023,0.34124666
3024,0.033517465
3025,0.030339718
3026,0.0457139
3027,2.8353045
3028,0.02680388
3029,0.058276784
3030,0.028667383
3031,0.08685217
3032,0.34293067
3033,0.8700268
3034,0.028378587
3035,0.028378587
3036,0.029670306
3037,0.032642044
3038,0.14352745
3039,5.616916
3040,0.59253836
3041,0.4153598
3042,0.025605787
3043,0.025314447
3044,0.029257886
3045,0.032772332
3046,1.7023994
3047,0.0304408
3048,0.024985012
3049,0.017000146
3050,0.66348934
3051,2.867118
3052,0.24407393
3053,0.031938236
3054,0.053441975
3055,3.9124937
3056,0.025873184
3057,3.3216546
3058,0.14883327
3059,0.032772332
3060,0.0292373
3061,0.028970733
3062,0.02719275
3063,0.13009839
3064,0.009755492
3065,0.05122501
3066,0.023276553
3067,0.041449316
3068,0.026223756
3069,0.023289531
3070,0.015678018
3071,0.1017769
3072,0.025178418
3073,0.05260479
3074,0.0054300725
3075,0.0065569133
3076,0.92484593
3077,0.073857464
3078,0.030872531
3079,0.047234096
3080,0.027174741
3081,0.029806893
3082,0.0069270507
3083,0.19577459
3084,0.02966693
3085,0.1324242
3086,0.32367772
3087,3.7673428
3088,0.7627273
3089,1.019176
3090,0.094682395
3091,0.15726006
3092,0.38428313
3093,1.1332401
3094,0.6684685
3095,1.9230194
3096,0.042813405
3097,0.028338786
3098,0.02622822
3099,0.03348556
3100,0.0057877973
3101,0.035930835
3102,0.032772314
3103,0.028463647
3104,0.01959601
3105,0.1797747
3106,0.04213997
3107,0.02952743
3108,0.03297269
3109,1.0053308
3110,0.43483704
3111,0.022325195
3112,3.2594197
3113,0.042888675
3114,0.26018366
3115,0.02542752
3116,0.114393055
3117,2.711156
3118,1.3535903
3119,0.019952059
3120,0.04351565
3121,0.028587796
3122,0.012798287
3123,0.27579513
3124,0.04950922
3125,0.03269329
3126,0.03071776
3127,0.031852186
3128,0.025974505
3129,0.01986
3130,0.031578984
3131,0.026652977
3132,0.38603935
3133,0.18362004
3134,0.03060982
3135,0.06719409
3136,0.03201653
3137,0.02537889
3138,3.3216546
3139,0.028726775
3140,0.33226672
3141,0.028703012
3142,0.030219644
3143,0.02703407
3144,0.007923961
3145,0.03059046
3146,0.35562107
3147,0.063103564
3148,0.17734274
3149,0.04791437
3150,0.17959234
3151,0.019968055
3152,-0.003275849
3153,0.07061957
3154,0.05874002
3155,0.05468505
3156,0.02810919
3157,0.024230156
3158,0.08320842
3159,0.014485985
3160,0.041241765
3161,0.9426211
3162,0.029567383
3163,0.028586056
3164,0.02663204
3165,0.029794194
3166,0.05678344
3167,0.06568521
3168,0.026288018
3169,0.15068349
3170,0.018753327
3171,0.033462744
3172,0.028968647
3173,0.046104513
3174,5.616916
3175,0.025452487
3176,0.023984887
3177,0.023894437
3178,0.028710265
3179,0.0411219
3180,0.070255056
3181,0.026714914
3182,0.033517465
3183,0.027664188
3184,0.024230156
3185,0.03201653
3186,0.02467629
3187,0.035016313
3188,5.101037
3189,0.28154665
3190,0.019192077
3191,0.32387543
3192,0.032394335
3193,0.18544558
3194,0.027432851
3195,0.2936892
3196,3.4303746
3197,0.028767768
3198,0.028695606
3199,0.03000398
3200,0.022831842
3201,0.02722855
3202,0.04826329
3203,0.027095094
3204,0.027542166
3205,0.027168218
3206,0.023638204
3207,0.034357667
3208,1.1969967
3209,0.026652977
3210,0.02781298
3211,0.03758457
3212,0.595031
3213,1.0695627
3214,0.13464016
3215,0.022935979
3216,0.02966021
3217,0.3272914
3218,0.033462744
3219,0.7171514
3220,0.3332757
3221,0.07850145
3222,0.09893516
3223,0.033462744
3224,0.030609824
3225,0.028673433
3226,1.1077251
3227,0.028121263
3228,0.20441484
3229,0.015505269
3230,2.1868966
3231,0.022006556
3232,0.02985717
3233,0.02540344
3234,0.02469217
3235,0.023872964
3236,0.034125354
3237,0.045357812
3238,0.0054300725
3239,0.6191125
3240,0.3432694
3241,0.048822016
3242,0.04477388
3243,0.020703226
3244,0.026784398
3245,0.030872531
3246,0.027865328
3247,0.07193983
3248,0.027946234
3249,0.017000146
3250,0.030268475
3251,0.029288054
3252,0.026954278
3253,0.022006325
3254,0.024417005
3255,0.31844983
3256,0.17065826
3257,0.22505909
3258,0.030548617
3259,0.026381023
3260,0.040908188
3261,0.024316229
3262,0.10968699
3263,0.029981926
3264,0.029172152
3265,0.029521547
3266,0.030071855
3267,5.616916
3268,0.029126994
3269,5.616916
3270,0.01851087
3271,0.028587796
3272,0.032772332
3273,0.043224867
3274,0.029257886
3275,0.09637322
3276,0.029238015
3277,0.025556777
3278,0.02777236
3279,0.025491707
3280,0.02604653
3281,0.11298427
3282,0.029856749
3283,0.52510643
3284,0.039254345
3285,0.053593732
3286,0.035846658
3287,0.033695497
3288,0.024061367
3289,0.74687636
3290,0.3162526
3291,0.2858843
3292,1.4608476
3293,0.29178068
3294,0.1178777
3295,0.043528605
3296,0.028099224
3297,0.01671309
3298,0.98015386
3299,1.8100953
3300,0.02672166
3301,0.895448
3302,0.05227844
3303,0.025876492
3304,0.025571484
3305,0.048885
3306,0.10333654
3307,0.53571194
3308,0.26661605
3309,0.5880345
3310,0.030013256
3311,0.030050043
3312,0.027154565
3313,0.077731326
3314,0.029744342
3315,0.030548617
3316,0.025298689
3317,0.029238015
3318,0.028920747
3319,0.036916796
3320,0.030013256
3321,0.024351843
3322,0.5257035
3323,1.3765279
3324,0.31770498
3325,0.03932525
3326,0.026478354
3327,0.037956864
3328,0.029284716
3329,0.012868315
3330,0.029190809
3331,0.027417455
3332,0.03292483
3333,0.071163535
3334,0.03201653
3335,0.04383093
3336,1.965093
3337,0.032772332
3338,0.21042511
3339,0.028132346
3340,0.043192685
3341,0.039951757
3342,0.17981246
3343,0.8513694
3344,0.34357205
3345,0.72948813
3346,0.03323225
3347,0.024005763
3348,0.017000146
3349,0.026788853
3350,0.49042305
3351,0.04348483
3352,0.35194314
3353,0.38428313
3354,0.035948597
3355,0.28947014
3356,0.03130469
3357,0.030567337
3358,0.026989881
3359,0.153282
3360,0.0036076605
3361,0.081520624
3362,0.017000146
3363,0.09355598
3364,0.03841488
3365,0.13957886
3366,0.02757613
3367,0.023280375
3368,0.028915692
3369,0.023147509
3370,0.027741961
3371,0.07713504
3372,0.022931613
3373,0.025109641
3374,0.010879546
3375,0.6861388
3376,0.030295916
3377,0.054670397
3378,0.9493984
3379,0.06383538
3380,0.034269672
3381,0.034661192
3382,0.029842593
3383,0.030071855
3384,0.024230156
3385,0.13945147
3386,0.030376475
3387,0.60209537
3388,0.62979645
3389,0.041384153
3390,0.56197566
3391,0.4023433
3392,0.4102225
3393,0.38059524
3394,0.03539475
3395,0.033517465
3396,0.12646484
3397,0.0263963
3398,0.026980735
3399,0.025711939
3400,0.050312735
3401,0.019168638
3402,0.4212386
3403,0.21185866
3404,0.031398356
3405,0.022346593
3406,0.04100819
3407,0.81085277
3408,0.027527146
3409,1.1678171
3410,0.029238015
3411,3.1579294
3412,0.025419876
3413,0.030001663
3414,0.04965651
3415,0.30773935
3416,0.027690422
3417,0.025294293
3418,0.03278345
3419,0.015070103
3420,1.307928
3421,0.02704208
3422,0.023492761
3423,0.0224832
3424,0.39163536
3425,0.49104694
3426,0.042816944
3427,0.115659185
3428,0.027144156
3429,0.03640531
3430,0.5409482
3431,0.09355598
3432,0.029238015
3433,0.02915252
3434,0.02150476
3435,0.025583439
3436,0.026950233
3437,0.031897366
3438,0.029560693
3439,0.02701154
3440,0.030089501
3441,0.02586697
3442,2.2482884
3443,0.027485732
3444,0.023956712
3445,0.02580291
3446,0.042548947
3447,3.1289434
3448,0.034385823
3449,0.10127454
3450,0.024747033
3451,0.030001663
3452,0.03244205
3453,0.098578
3454,0.21283802
3455,5.616916
3456,0.022499032
3457,0.18042669
3458,0.031349905
3459,8.304408
3460,0.030386
3461,0.018544644
3462,0.03088979
3463,-0.001421906
3464,0.028875787
3465,5.616916
3466,0.08824718
3467,0.013854533
3468,0.32033196
3469,0.6094356
3470,0.28268185
3471,5.648088
3472,0.014578797
3473,0.030656122
3474,0.019326702
3475,0.0266697
3476,0.026642423
3477,0.027374387
3478,0.01878836
3479,0.029596336
3480,0.028583087
3481,0.051225163
3482,0.027552694
3483,-0.009406567
3484,0.062821
3485,0.028636716
3486,0.031427413
3487,2.8353047
3488,0.029238015
3489,0.027518142
3490,0.18010983
3491,0.028301239
3492,0.028836638
3493,0.028543979
3494,0.030952863
3495,0.024230156
3496,0.033462744
3497,0.026385687
3498,0.029116385
3499,0.033462744
3500,0.032772332
3501,0.02509316
3502,0.031349335
3503,0.73693097
3504,0.13688563
3505,0.023565404
3506,0.16296688
3507,0.029162977
3508,0.024238203
3509,0.030219644
3510,0.01601275
3511,0.17559096
3512,0.04695242
3513,0.07570288
3514,0.031369954
3515,5.616916
3516,0.028935485
3517,0.010852553
3518,0.018718347
3519,0.94536865
3520,5.616916
3521,0.032772332
3522,0.027564429
3523,0.031676605
3524,2.8353045
3525,0.03254248
3526,0.08974866
3527,0.05251503
3528,0.033462744
3529,0.027664121
3530,0.0295318
3531,0.01671309
3532,0.03323225
3533,0.02692407
3534,0.03903937
3535,0.02885446
3536,0.02952671
3537,0.020853296
3538,0.41913673
3539,0.0295318
3540,0.51422304
3541,0.028471798
3542,0.025249586
3543,0.029978648
3544,0.3031742
3545,0.04166238
3546,0.020852916
3547,2.730897
3548,0.03071776
3549,3.0428348
3550,0.038791966
3551,0.033232257
3552,0.013137646
3553,0.030135412
3554,0.20639445
3555,0.020853296
3556,0.01980386
3557,0.7325796
3558,0.032772332
3559,0.10346666
3560,0.06302514
3561,0.029206924
3562,0.01851087
3563,0.044817597
3564,0.030606829
3565,0.028307423
3566,0.32669175
3567,0.15707147
3568,0.15707147
3569,0.0068805516
3570,0.18241858
3571,0.08478196
3572,0.54246765
3573,0.033737883
3574,0.03159933
3575,7.5794773
3576,4.8064723
3577,0.019100286
3578,0.029648926
3579,0.2910526
3580,0.025132649
3581,0.02185785
3582,0.03346277
3583,0.027136184
3584,0.02615834
3585,0.030975372
3586,0.020546325
3587,0.027380027
3588,0.3801431
3589,0.15990953
3590,0.48053268
3591,0.02632263
3592,0.02967067
3593,0.021124594
3594,0.4784756
3595,0.02724142
3596,0.041469347
3597,0.030934632
3598,0.025798917
3599,0.026833177
3600,0.02559663
3601,0.026958436
3602,0.026950233
3603,0.02676737
3604,0.026735961
3605,0.02740281
3606,0.027014256
3607,0.023490533
3608,0.043160856
3609,0.042848643
3610,0.029755615
3611,0.027514666
3612,0.026775613
3613,0.02567505
3614,0.025553271
3615,0.026056994
3616,0.027490687
3617,0.025515974
3618,0.022851668
3619,0.03598832
3620,5.616916
3621,0.025667459
3622,0.027280267
3623,0.026958436
3624,0.025210775
3625,0.02228523
3626,0.027396973
3627,0.026487794
3628,0.8004277
3629,0.05253291
3630,0.6468926
3631,0.039818335
3632,0.052492328
3633,0.4647064
3634,0.028797813
3635,0.14316066
3636,0.033462744
3637,0.030013256
3638,0.08336797
3639,0.85332423
3640,0.026102483
3641,0.02998199
3642,0.029238015
3643,0.34354767
3644,0.06073963
3645,0.16896997
3646,0.07903731
3647,0.04168361
3648,0.09160218
3649,0.055242874
3650,0.24045575
3651,0.020853296
3652,0.09254307
3653,0.9457684
3654,0.032772332
3655,0.16759805
3656,0.11301546
3657,0.026124813
3658,0.01637268
3659,0.026808124
3660,0.20740947
3661,0.09929517
3662,0.030644275
3663,1.352119
3664,4.117085
3665,0.033517465
3666,0.025969226
3667,0.02196031
3668,0.026901066
3669,0.029297106
3670,0.026914638
3671,0.19452046
3672,0.03323225
3673,3.3216546
3674,0.32684016
3675,0.020183638
3676,0.026435848
3677,5.616916
3678,0.032772314
3679,0.029117145
3680,0.03949389
3681,0.6191125
3682,0.1823385
3683,0.026008505
3684,1.0668931
3685,1.9762309
3686,0.3660025
3687,0.024466053
3688,0.028587796
3689,0.12760147
3690,0.1417691
3691,0.027649112
3692,0.49812183
3693,0.03201653
3694,0.28393096
3695,0.026208036
3696,0.026896767
3697,0.95909566
3698,0.012574658
3699,0.02069442
3700,0.030047879
3701,1.9230194
3702,0.026702724
3703,0.23928484
3704,0.033517465
3705,0.029482294
3706,0.15510751
3707,0.1011917
3708,0.018023394
3709,0.061128996
3710,0.024949018
3711,1.4218814
3712,0.049290344
3713,0.009755492
3714,0.020672001
3715,0.23325461
3716,0.043035112
3717,0.033517465
3718,0.21860385
3719,0.032772332
3720,0.033517465
3721,0.022637203
3722,0.020628221
3723,0.0698529
3724,0.033517465
3725,0.046573855
3726,0.029135287
3727,0.80611736
3728,0.06601125
3729,0.026581317
3730,0.02698687
3731,0.024549544
3732,0.033517465
3733,0.028072909
3734,0.24134511
3735,1.0870839
3736,0.5903802
3737,0.56725883
3738,0.029257886
3739,0.4519268
3740,0.12758663
3741,0.025512706
3742,0.036838453
3743,0.040723782
3744,0.029238015
3745,0.03108275
3746,0.029238015
3747,0.033462744
3748,0.028400403
3749,0.033462744
3750,0.029890843
3751,0.030872531
3752,0.02962644
3753,0.20931953
3754,0.020805307
3755,0.029274695
3756,0.029354312
3757,0.031578984
3758,0.044680145
3759,0.026545778
3760,0.019717298
3761,0.03201653
3762,0.026624888
3763,0.033196643
3764,0.06871233
3765,0.93341494
3766,0.014195949
3767,0.15707147
3768,0.012868315
3769,0.017132953
3770,0.029757522
3771,1.215296
3772,1.6074218
3773,0.8980314
3774,0.458522
3775,0.20936897
3776,1.8801944
3777,0.030015469
3778,2.5128949
3779,0.459011
3780,0.48336276
3781,0.028852198
3782,0.027744263
3783,0.03663498
3784,0.028262034
3785,0.019180879
3786,0.026947793
3787,0.06336948
3788,0.3269881
3789,0.2856376
3790,0.024017677
3791,0.02109252
3792,0.019651413
3793,0.026872188
3794,0.02634579
3795,0.028488357
3796,0.026929379
3797,0.027285408
3798,0.016153194
3799,0.08238156
3800,0.028776087
3801,0.026758447
3802,0.030058041
3803,0.026129987
3804,0.023469083
3805,0.83257014
3806,0.02643444
3807,0.028238412
3808,0.27604803
3809,2.8353045
3810,1.4452825
3811,3.1905658
3812,0.38043144
3813,0.5314212
3814,0.5858049
3815,1.7543583
3816,0.27582055
3817,0.07374431
3818,0.031349335
3819,5.616916
3820,0.02930934
3821,5.394299
3822,0.098220564
3823,0.13568868
3824,0.029238015
3825,0.019154109
3826,0.018090181
3827,9.31666
3828,1.9391825
3829,0.073261574
3830,0.028913077
3831,0.020224817
3832,0.3031944
3833,0.033462744
3834,0.12646484
3835,0.013069443
3836,0.024609223
3837,0.030872531
3838,0.030872561
3839,0.003994666
3840,0.024964523
3841,0.028042637
3842,0.032772332
3843,0.029856749
3844,0.020638056
3845,0.024210796
3846,0.018566363
3847,5.094888
3848,3.489721
3849,0.15326063
3850,3.0429764
3851,0.1338605
3852,3.393229
3853,0.18224737
3854,0.029586133
3855,0.026950233
3856,0.044412233
3857,0.01692342
3858,0.024629362
3859,6.038579
3860,0.024148252
3861,0.066780716
3862,0.012868315
3863,0.027052823
3864,0.026736815
3865,0.05861201
3866,0.13096334
3867,0.30572036
3868,0.07896911
3869,0.024230156
3870,0.030921794
3871,2.0896475
3872,0.012868315
3873,0.028194658
3874,0.030632056
3875,0.044504724
3876,3.9769006
3877,0.026623309
3878,0.8486568
3879,7.5794773
3880,0.027289234
3881,0.030958869
3882,1.0053308
3883,0.56879133
3884,0.028152786
3885,0.73682714
3886,0.03424172
3887,0.017524116
3888,0.88732296
3889,0.027803194
3890,0.024901703
3891,0.029021125
3892,0.08366406
3893,0.062040918
3894,0.04306573
3895,0.030567337
3896,3.8106585
3897,0.026195638
3898,0.029593684
3899,0.030609824
3900,0.030609824
3901,0.16870037
3902,0.15129389
3903,0.028573088
3904,0.03323225
3905,0.25314522
3906,0.027681325
3907,5.616916
3908,0.028577264
3909,0.032772332
3910,5.616916
3911,0.017923258
3912,0.028289758
3913,0.026871376
3914,0.030482173
3915,0.026852686
3916,0.013445646
3917,0.021076858
3918,0.055218704
3919,0.35463473
3920,0.033462744
3921,0.053313807
3922,0.030872531
3923,2.8353045
3924,1.2150452
3925,0.74127156
3926,0.027389541
3927,0.26561928
3928,0.02940932
3929,2.5101054
3930,0.15473068
3931,0.28639993
3932,0.022089161
3933,-0.01784809
3934,0.11004248
3935,0.032772314
3936,0.12238544
3937,0.21262857
3938,5.616916
3939,0.026659086
3940,0.032211788
3941,0.0014298782
3942,0.027259476
3943,0.026605025
3944,5.616916
3945,0.024230156
3946,0.02743195
3947,0.09355598
3948,0.029238015
3949,1.2105647
3950,0.029951952
3951,0.027143285
3952,0.030231342
3953,0.02876382
3954,0.02676808
3955,0.029172812
3956,3.4511268
3957,1.1487465
3958,4.531634
3959,0.5093405
3960,1.0592827
3961,0.025814377
3962,0.31860483
3963,0.38104624
3964,0.2987016
3965,0.48103398
3966,0.91890186
3967,0.7287137
3968,0.61303705
3969,0.018943273
3970,0.03323225
3971,0.044955052
3972,0.029043093
3973,0.103518225
3974,0.02703407
3975,0.11443982
3976,0.2683909
3977,0.050818738
3978,0.9076467
3979,0.024028331
3980,0.03039188
3981,0.036243923
3982,0.0511069
3983,0.020663977
3984,0.044805534
3985,0.027590483
3986,0.027524538
3987,0.027484566
3988,0.027496621
3989,0.027775444
3990,0.5751623
3991,0.56845945
3992,0.033517465
3993,0.02846114
3994,0.026775654
3995,0.028430477
3996,0.02963018
3997,0.08408816
3998,0.14003956
3999,0.029599905
4000,0.033997063
4001,0.025309592
4002,0.033517465
4003,0.18444422
4004,0.030567337
4005,0.023685671
4006,0.012131795
4007,0.13217641
4008,0.033462744
4009,0.24213764
4010,0.020853296
4011,0.029238015
4012,0.029238015
4013,0.051038116
4014,0.043695975
4015,0.19500344
4016,0.7426207
4017,0.03323225
4018,5.616916
4019,0.027811863
4020,0.033462744
4021,0.12719026
4022,0.032772332
4023,0.03108275
4024,0.025946025
4025,0.059682775
4026,0.030958869
4027,0.029856749
4028,0.030257031
4029,0.016325973
4030,0.020853288
4031,-0.0009820685
4032,0.029110577
4033,0.6994497
4034,0.032772332
4035,0.06459569
4036,0.033681337
4037,0.15255904
4038,0.017683454
4039,0.050926987
4040,0.047812153
4041,0.041912075
4042,0.24574617
4043,0.028684907
4044,0.0036076605
4045,0.28849
4046,0.02481781
4047,0.31440556
4048,0.0599683
4049,0.033462744
4050,0.33323056
4051,0.028746046
4052,0.00893902
4053,0.02588604
4054,0.02927696
4055,0.32467598
4056,0.27289656
4057,0.13943495
4058,0.24880528
4059,0.20563063
4060,0.26852334
4061,0.60824716
4062,0.03095891
4063,0.08590329
4064,0.033091493
4065,0.029951952
4066,0.033462744
4067,0.028837267
4068,0.033517465
4069,0.029878858
4070,0.024923436
4071,0.03841488
4072,0.029238015
4073,0.018655889
4074,0.023354948
4075,0.017000146
4076,0.025138643
4077,0.029821075
4078,0.055416316
4079,0.1667304
4080,0.21491575
4081,0.03924839
4082,0.02817642
4083,0.021690793
4084,8.17542
4085,7.1561217
4086,4.4512525
4087,8.304408
4088,9.6456375
4089,7.5794773
4090,0.025197074
4091,0.033084333
4092,0.01850108
4093,0.3108076
4094,0.040101398
4095,0.23401093
4096,0.0775917
4097,0.008708961
4098,0.027829364
4099,0.018432163
4100,0.029142551
4101,0.028441925
4102,0.02656556
4103,0.012868315
4104,0.026237201
4105,0.0075376406
4106,0.025798917
4107,0.048908338
4108,0.06722322
4109,0.021280102
4110,0.030339718
4111,0.14307159
4112,0.42628738
4113,0.022071168
4114,0.028404918
4115,1.2473361
4116,0.03323225
4117,0.024967857
4118,0.029238015
4119,0.032772332
4120,0.027966019
4121,0.12349115
4122,0.15702125
4123,0.15365171
4124,0.019951671
4125,0.02927138
4126,0.07639876
4127,0.024434216
4128,0.046832822
4129,0.025873996
4130,0.02255322
4131,5.616916
4132,0.017049216
4133,0.030395657
4134,0.03114625
4135,0.030295916
4136,0.021287046
4137,0.057607763
4138,0.02930662
4139,0.026426945
4140,0.025425188
4141,0.05719895
4142,0.025929015
4143,0.025594257
4144,0.030257031
4145,0.02661825
4146,0.07796875
4147,0.027532175
4148,1.3943211
4149,3.5083992
